{"base_lr": 2.963002298530575e-06, "lr": 2.9630022985306224e-07, "data_time": 0.05050670623779297, "loss": 0.31696603938937185, "loss/joints/train": 0.0548350877687335, "loss/depth/train": 0.19032198103144765, "loss/uv/train": 0.07180897075682878, "time": 0.41357883930206296, "grad_norm": 12.456360473632813, "epoch": 10, "iter": 50108, "memory": 8641, "step": 50108}
{"base_lr": 2.9100254618421693e-06, "lr": 2.910025461842215e-07, "data_time": 0.022473154067993165, "loss": 0.31839013114571574, "loss/joints/train": 0.05508029229938984, "loss/depth/train": 0.19533049887046217, "loss/uv/train": 0.067979338131845, "time": 0.3677215147018433, "grad_norm": 13.010164995193481, "epoch": 10, "iter": 50158, "memory": 8641, "step": 50158}
{"base_lr": 2.857512307824622e-06, "lr": 2.857512307824667e-07, "data_time": 0.01969214916229248, "loss": 0.24742096662521362, "loss/joints/train": 0.05243673786520958, "loss/depth/train": 0.1305224910378456, "loss/uv/train": 0.06446173563599586, "time": 0.368366584777832, "grad_norm": 12.969389305114746, "epoch": 10, "iter": 50208, "memory": 8641, "step": 50208}
{"base_lr": 2.8054633535612385e-06, "lr": 2.805463353561285e-07, "data_time": 0.02076193332672119, "loss": 0.26380594581365585, "loss/joints/train": 0.0600858511403203, "loss/depth/train": 0.13187368277460337, "loss/uv/train": 0.07184641286730767, "time": 0.3683263921737671, "grad_norm": 12.6676473236084, "epoch": 10, "iter": 50258, "memory": 8641, "step": 50258}
{"base_lr": 2.7538791115644494e-06, "lr": 2.753879111564495e-07, "data_time": 0.02285947322845459, "loss": 0.2745945882797241, "loss/joints/train": 0.05615496896207332, "loss/depth/train": 0.1560016757622361, "loss/uv/train": 0.06243794260546565, "time": 0.3706135129928589, "grad_norm": 12.41877215385437, "epoch": 10, "iter": 50308, "memory": 8641, "step": 50308}
{"base_lr": 2.702760089770822e-06, "lr": 2.702760089770867e-07, "data_time": 0.02107832908630371, "loss": 0.26854597046971324, "loss/joints/train": 0.056544231437146666, "loss/depth/train": 0.14940769582986832, "loss/uv/train": 0.06259404273703695, "time": 0.3687537527084351, "grad_norm": 11.975027875900269, "epoch": 10, "iter": 50358, "memory": 8641, "step": 50358}
{"base_lr": 2.6521067915360064e-06, "lr": 2.6521067915360514e-07, "data_time": 0.02268261432647705, "loss": 0.2662949892878532, "loss/joints/train": 0.05553555939346552, "loss/depth/train": 0.1481474057585001, "loss/uv/train": 0.06261202359572053, "time": 0.37257678508758546, "grad_norm": 12.044617042541503, "epoch": 10, "iter": 50408, "memory": 8641, "step": 50408}
{"base_lr": 2.6019197156297708e-06, "lr": 2.6019197156298125e-07, "data_time": 0.02481153964996338, "loss": 0.286362881064415, "loss/joints/train": 0.054751817882061, "loss/depth/train": 0.16760845705866814, "loss/uv/train": 0.06400260608643293, "time": 0.372618989944458, "grad_norm": 12.09393617630005, "epoch": 10, "iter": 50458, "memory": 8641, "step": 50458}
{"base_lr": 2.5521993562311355e-06, "lr": 2.5521993562311757e-07, "data_time": 0.02221832275390625, "loss": 0.2576408362388611, "loss/joints/train": 0.05850256599485874, "loss/depth/train": 0.1332230359315872, "loss/uv/train": 0.06591523310169578, "time": 0.37244625568389894, "grad_norm": 11.976098375320435, "epoch": 10, "iter": 50508, "memory": 8641, "step": 50508}
{"base_lr": 2.502946202923496e-06, "lr": 2.502946202923535e-07, "data_time": 0.02577986240386963, "loss": 0.2731913523375988, "loss/joints/train": 0.05702604286372662, "loss/depth/train": 0.15380717389285564, "loss/uv/train": 0.06235813222825527, "time": 0.3764863348007202, "grad_norm": 11.85480073928833, "epoch": 10, "iter": 50558, "memory": 8641, "step": 50558}
{"base_lr": 2.454160740689779e-06, "lr": 2.4541607406898176e-07, "data_time": 0.025651531219482424, "loss": 0.280074717104435, "loss/joints/train": 0.055339742228388784, "loss/depth/train": 0.1512606693431735, "loss/uv/train": 0.07347430624067783, "time": 0.3777170658111572, "grad_norm": 11.290312604904175, "epoch": 10, "iter": 50608, "memory": 8641, "step": 50608}
{"base_lr": 2.4058434499076774e-06, "lr": 2.4058434499077146e-07, "data_time": 0.0236461877822876, "loss": 0.30856569200754164, "loss/joints/train": 0.05379006933420896, "loss/depth/train": 0.18303982961922885, "loss/uv/train": 0.07173579137772322, "time": 0.37089999198913576, "grad_norm": 11.461180849075317, "epoch": 10, "iter": 50658, "memory": 8641, "step": 50658}
{"base_lr": 2.357994806344908e-06, "lr": 2.3579948063449433e-07, "data_time": 0.03229480743408203, "loss": 0.28384380489587785, "loss/joints/train": 0.05679397877305746, "loss/depth/train": 0.1559148717671633, "loss/uv/train": 0.0711349531635642, "time": 0.3802459239959717, "grad_norm": 11.410016212463379, "epoch": 10, "iter": 50708, "memory": 8641, "step": 50708}
