{"base_lr": 1.1599124291808925e-05, "lr": 1.1599124291809067e-06, "data_time": 0.029609179496765135, "loss": 0.2828690208494663, "loss/joints/train": 0.0635182110965252, "loss/depth/train": 0.15998306322842837, "loss/uv/train": 0.05936774622648954, "time": 0.40616740703582765, "grad_norm": 13.886770973205566, "epoch": 9, "iter": 44546, "memory": 8620, "step": 44546}
{"base_lr": 1.1498831750454148e-05, "lr": 1.1498831750454296e-06, "data_time": 0.019665107727050782, "loss": 0.30630310758948326, "loss/joints/train": 0.06554225586354732, "loss/depth/train": 0.17517090074717998, "loss/uv/train": 0.0655899515375495, "time": 0.37286718368530275, "grad_norm": 13.887321109771728, "epoch": 9, "iter": 44596, "memory": 8620, "step": 44596}
{"base_lr": 1.139891832003963e-05, "lr": 1.1398918320039773e-06, "data_time": 0.026831960678100585, "loss": 0.2766494756937027, "loss/joints/train": 0.0704903819411993, "loss/depth/train": 0.14364695243537426, "loss/uv/train": 0.06251214299350977, "time": 0.3805233955383301, "grad_norm": 13.20546058654785, "epoch": 9, "iter": 44646, "memory": 8620, "step": 44646}
{"base_lr": 1.1299384984386851e-05, "lr": 1.1299384984386992e-06, "data_time": 0.02423905849456787, "loss": 0.28828271105885506, "loss/joints/train": 0.06732481870800257, "loss/depth/train": 0.16212396553251893, "loss/uv/train": 0.058833929151296614, "time": 0.3816960382461548, "grad_norm": 12.977834444046021, "epoch": 9, "iter": 44696, "memory": 8620, "step": 44696}
{"base_lr": 1.1200232723574515e-05, "lr": 1.1200232723574642e-06, "data_time": 0.02342860698699951, "loss": 0.28993079319596293, "loss/joints/train": 0.06488062024116516, "loss/depth/train": 0.16567754365503787, "loss/uv/train": 0.05937262699007988, "time": 0.3803761625289917, "grad_norm": 13.32826376914978, "epoch": 9, "iter": 44746, "memory": 8620, "step": 44746}
{"base_lr": 1.1101462513929009e-05, "lr": 1.1101462513929146e-06, "data_time": 0.048010334968566895, "loss": 0.3183416636288166, "loss/joints/train": 0.07070494472980499, "loss/depth/train": 0.18095177859067918, "loss/uv/train": 0.06668494099751116, "time": 0.4053604936599731, "grad_norm": 13.434590396881104, "epoch": 9, "iter": 44796, "memory": 8620, "step": 44796}
{"base_lr": 1.1003075328014835e-05, "lr": 1.100307532801497e-06, "data_time": 0.01705702781677246, "loss": 0.2928102752566338, "loss/joints/train": 0.06332505282014608, "loss/depth/train": 0.16602968782186509, "loss/uv/train": 0.06345553670078516, "time": 0.37460224151611327, "grad_norm": 12.891401567459106, "epoch": 9, "iter": 44846, "memory": 8620, "step": 44846}
{"base_lr": 1.0905072134624816e-05, "lr": 1.0905072134624959e-06, "data_time": 0.02174039840698242, "loss": 0.3192396593093872, "loss/joints/train": 0.0666233516484499, "loss/depth/train": 0.17510337233543397, "loss/uv/train": 0.07751293536275625, "time": 0.38077622413635254, "grad_norm": 12.346112213134766, "epoch": 9, "iter": 44896, "memory": 8620, "step": 44896}
{"base_lr": 1.0807453898770864e-05, "lr": 1.0807453898770997e-06, "data_time": 0.019827466011047363, "loss": 0.29535806700587275, "loss/joints/train": 0.06517351076006889, "loss/depth/train": 0.15842081125825644, "loss/uv/train": 0.07176374290138483, "time": 0.37761560440063474, "grad_norm": 11.851574964523316, "epoch": 9, "iter": 44946, "memory": 8620, "step": 44946}
{"base_lr": 1.0710221581674154e-05, "lr": 1.0710221581674289e-06, "data_time": 0.018324408531188965, "loss": 0.30581584453582766, "loss/joints/train": 0.06589258156716823, "loss/depth/train": 0.16990787763148546, "loss/uv/train": 0.07001538584008812, "time": 0.3751921081542969, "grad_norm": 11.572465534210204, "epoch": 9, "iter": 44996, "memory": 8620, "step": 44996}
{"base_lr": 1.061337614075594e-05, "lr": 1.0613376140756074e-06, "data_time": 0.018251004219055175, "loss": 0.3135099019110203, "loss/joints/train": 0.06695281967520714, "loss/depth/train": 0.17859990878030657, "loss/uv/train": 0.06795717602595687, "time": 0.37734264373779297, "grad_norm": 11.76755298614502, "epoch": 9, "iter": 45046, "memory": 8620, "step": 45046}
{"base_lr": 1.0516918529627957e-05, "lr": 1.0516918529628098e-06, "data_time": 0.01755629062652588, "loss": 0.2977248930931091, "loss/joints/train": 0.06665625847876072, "loss/depth/train": 0.1608257468789816, "loss/uv/train": 0.07024288859218358, "time": 0.37650446891784667, "grad_norm": 12.073052473068238, "epoch": 9, "iter": 45096, "memory": 8620, "step": 45096}
{"base_lr": 1.0420849698083102e-05, "lr": 1.0420849698083237e-06, "data_time": 0.019021925926208497, "loss": 0.32460873901844023, "loss/joints/train": 0.06742214892059564, "loss/depth/train": 0.19660041570663453, "loss/uv/train": 0.060586173720657825, "time": 0.37531757831573487, "grad_norm": 11.954749794006348, "epoch": 9, "iter": 45146, "memory": 8620, "step": 45146}
{"base_lr": 1.0325170592086029e-05, "lr": 1.032517059208617e-06, "data_time": 0.024457278251647948, "loss": 0.30340112030506133, "loss/joints/train": 0.06682142376899719, "loss/depth/train": 0.16929754633456467, "loss/uv/train": 0.06728214871138334, "time": 0.38304643154144286, "grad_norm": 12.266274032592774, "epoch": 9, "iter": 45196, "memory": 8620, "step": 45196}
{"base_lr": 1.0229882153763892e-05, "lr": 1.0229882153764034e-06, "data_time": 0.018357443809509277, "loss": 0.2591647869348526, "loss/joints/train": 0.06462352484464645, "loss/depth/train": 0.13757807560265065, "loss/uv/train": 0.05696318559348583, "time": 0.37611663341522217, "grad_norm": 12.80961443901062, "epoch": 9, "iter": 45246, "memory": 8620, "step": 45246}
{"base_lr": 1.013498532139703e-05, "lr": 1.0134985321397173e-06, "data_time": 0.02214181423187256, "loss": 0.29226297527551653, "loss/joints/train": 0.06354996755719185, "loss/depth/train": 0.1672326983138919, "loss/uv/train": 0.061480309702456, "time": 0.38159666061401365, "grad_norm": 12.949423904418945, "epoch": 9, "iter": 45296, "memory": 8620, "step": 45296}
{"base_lr": 1.0040481029409763e-05, "lr": 1.0040481029409897e-06, "data_time": 0.01691235065460205, "loss": 0.3149977040290832, "loss/joints/train": 0.06254951376467943, "loss/depth/train": 0.18701750062406064, "loss/uv/train": 0.065430688560009, "time": 0.37441728115081785, "grad_norm": 13.344769296646119, "epoch": 9, "iter": 45346, "memory": 8620, "step": 45346}
