{"base_lr": 3.3717460722953125e-05, "lr": 3.3717460722953118e-06, "data_time": 0.02212381362915039, "loss": 8.645744781494141, "loss/joints/train": 0.19182000070810318, "loss/depth/train": 4.860468125343322, "loss/uv/train": 0.16071369983255862, "loss/uv_heatmap/train": 3.4327429914474488, "time": 0.3860449171066284, "grad_norm": 7.75270144144694, "epoch": 1, "iter": 50, "memory": 8619, "step": 50}
{"base_lr": 3.414344105249717e-05, "lr": 3.414344105249715e-06, "data_time": 0.012025256156921387, "loss": 8.075277833938598, "loss/joints/train": 0.1855246153473854, "loss/depth/train": 4.30771297454834, "loss/uv/train": 0.15134905263781548, "loss/uv_heatmap/train": 3.4306912326812746, "time": 0.3539069509506226, "grad_norm": 7.929091890652974, "epoch": 1, "iter": 100, "memory": 8619, "step": 100}
{"base_lr": 3.45694213820412e-05, "lr": 3.4569421382041176e-06, "data_time": 0.012583112716674805, "loss": 7.702070960998535, "loss/joints/train": 0.18361256331205367, "loss/depth/train": 3.931925506591797, "loss/uv/train": 0.1572921895980835, "loss/uv_heatmap/train": 3.4292406749725344, "time": 0.35668686389923093, "grad_norm": 8.138179567125109, "epoch": 1, "iter": 150, "memory": 8619, "step": 150}
{"base_lr": 3.499540171158522e-05, "lr": 3.4995401711585208e-06, "data_time": 0.012245173454284669, "loss": 7.031874141693115, "loss/joints/train": 0.18689663380384444, "loss/depth/train": 3.2555270898342132, "loss/uv/train": 0.16161875538527964, "loss/uv_heatmap/train": 3.427831697463989, "time": 0.3607921028137207, "grad_norm": 7.533099060058594, "epoch": 1, "iter": 200, "memory": 8619, "step": 200}
{"base_lr": 3.542138204112927e-05, "lr": 3.5421382041129248e-06, "data_time": 0.013774313926696778, "loss": 6.86433856010437, "loss/joints/train": 0.18615525782108308, "loss/depth/train": 3.109747986793518, "loss/uv/train": 0.14386630490422248, "loss/uv_heatmap/train": 3.424569020271301, "time": 0.36346657276153566, "grad_norm": 7.613411288107595, "epoch": 1, "iter": 250, "memory": 8619, "step": 250}
{"base_lr": 3.584736237067328e-05, "lr": 3.5847362370673266e-06, "data_time": 0.013877849578857421, "loss": 6.436559314727783, "loss/joints/train": 0.18904769390821458, "loss/depth/train": 2.6751801168918607, "loss/uv/train": 0.14851991057395936, "loss/uv_heatmap/train": 3.423811602592468, "time": 0.3659764051437378, "grad_norm": 7.084959687413396, "epoch": 1, "iter": 300, "memory": 8619, "step": 300}
{"base_lr": 3.62733427002173e-05, "lr": 3.6273342700217277e-06, "data_time": 0.012315406799316406, "loss": 5.951932058334351, "loss/joints/train": 0.1902891790866852, "loss/depth/train": 2.1723560762405394, "loss/uv/train": 0.16777341008186342, "loss/uv_heatmap/train": 3.4215134048461913, "time": 0.36498034954071046, "grad_norm": Infinity, "epoch": 1, "iter": 350, "memory": 8619, "step": 350}
{"base_lr": 3.6699323029761315e-05, "lr": 3.669932302976128e-06, "data_time": 0.01221285343170166, "loss": 6.265638580322266, "loss/joints/train": 0.19105626434087752, "loss/depth/train": 2.515305261015892, "loss/uv/train": 0.1399397600442171, "loss/uv_heatmap/train": 3.4193373250961305, "time": 0.3665794467926025, "grad_norm": Infinity, "epoch": 1, "iter": 400, "memory": 8619, "step": 400}
{"base_lr": 3.7125303359305335e-05, "lr": 3.712530335930529e-06, "data_time": 0.015260462760925292, "loss": 6.000146827697754, "loss/joints/train": 0.19116866290569307, "loss/depth/train": 2.2436513781547545, "loss/uv/train": 0.14606806963682176, "loss/uv_heatmap/train": 3.4192587089538575, "time": 0.36806431770324705, "grad_norm": Infinity, "epoch": 1, "iter": 450, "memory": 8619, "step": 450}
{"base_lr": 3.755128368884938e-05, "lr": 3.7551283688849316e-06, "data_time": 0.013398361206054688, "loss": 6.071975545883179, "loss/joints/train": 0.1900337567925453, "loss/depth/train": 2.326115972995758, "loss/uv/train": 0.14115382321178913, "loss/uv_heatmap/train": 3.414671950340271, "time": 0.3663495206832886, "grad_norm": Infinity, "epoch": 1, "iter": 500, "memory": 8619, "step": 500}
{"base_lr": 3.797726401839338e-05, "lr": 3.7977264018393334e-06, "data_time": 0.010682449340820313, "loss": 6.116872358322143, "loss/joints/train": 0.18754514396190644, "loss/depth/train": 2.3729189002513884, "loss/uv/train": 0.14392466098070145, "loss/uv_heatmap/train": 3.4124836540222168, "time": 0.3633138084411621, "grad_norm": Infinity, "epoch": 1, "iter": 550, "memory": 8619, "step": 550}
{"base_lr": 3.840324434793738e-05, "lr": 3.840324434793734e-06, "data_time": 0.011402354240417481, "loss": 6.212389497756958, "loss/joints/train": 0.18828299403190613, "loss/depth/train": 2.457246421575546, "loss/uv/train": 0.15595352418720723, "loss/uv_heatmap/train": 3.410906572341919, "time": 0.3646615171432495, "grad_norm": Infinity, "epoch": 1, "iter": 600, "memory": 8619, "step": 600}
{"base_lr": 3.88292246774814e-05, "lr": 3.882922467748132e-06, "data_time": 0.011941657066345215, "loss": 6.285834560394287, "loss/joints/train": 0.18633524864912032, "loss/depth/train": 2.5542972683906555, "loss/uv/train": 0.1365748616680503, "loss/uv_heatmap/train": 3.4086271810531614, "time": 0.36679787158966065, "grad_norm": Infinity, "epoch": 1, "iter": 650, "memory": 8619, "step": 650}
{"base_lr": 3.925520500702542e-05, "lr": 3.925520500702533e-06, "data_time": 0.010060853958129883, "loss": 6.069216089248657, "loss/joints/train": 0.18257228314876556, "loss/depth/train": 2.3393444299697874, "loss/uv/train": 0.1410823730379343, "loss/uv_heatmap/train": 3.406217017173767, "time": 0.3686540937423706, "grad_norm": Infinity, "epoch": 1, "iter": 700, "memory": 8619, "step": 700}
{"base_lr": 3.968118533656941e-05, "lr": 3.96811853365693e-06, "data_time": 0.012807602882385255, "loss": 5.945863780975341, "loss/joints/train": 0.18177753061056137, "loss/depth/train": 2.205789566040039, "loss/uv/train": 0.15335795916616918, "loss/uv_heatmap/train": 3.404938745498657, "time": 0.3676894760131836, "grad_norm": 7.290793838500977, "epoch": 1, "iter": 750, "memory": 8619, "step": 750}
{"base_lr": 4.0107165666113424e-05, "lr": 4.01071656661133e-06, "data_time": 0.010638656616210938, "loss": 6.20521354675293, "loss/joints/train": 0.17860784649848938, "loss/depth/train": 2.4646613216400146, "loss/uv/train": 0.15699294708669187, "loss/uv_heatmap/train": 3.4049513816833494, "time": 0.3653813743591309, "grad_norm": 6.77146228313446, "epoch": 1, "iter": 800, "memory": 8619, "step": 800}
{"base_lr": 4.053314599565744e-05, "lr": 4.053314599565731e-06, "data_time": 0.01130941390991211, "loss": 6.248492202758789, "loss/joints/train": 0.17613672614097595, "loss/depth/train": 2.529141813516617, "loss/uv/train": 0.15655079528689383, "loss/uv_heatmap/train": 3.3866628503799436, "time": 0.3633733654022217, "grad_norm": 6.943127164840698, "epoch": 1, "iter": 850, "memory": 8619, "step": 850}
{"base_lr": 4.0959126325201505e-05, "lr": 4.095912632520136e-06, "data_time": 0.013409724235534668, "loss": 5.93709547996521, "loss/joints/train": 0.1740463787317276, "loss/depth/train": 2.199974535703659, "loss/uv/train": 0.1626902709156275, "loss/uv_heatmap/train": 3.4003842735290526, "time": 0.3648508024215698, "grad_norm": 7.041275234222412, "epoch": 1, "iter": 900, "memory": 8619, "step": 900}
{"base_lr": 4.138510665474548e-05, "lr": 4.138510665474533e-06, "data_time": 0.01221254825592041, "loss": 5.904565868377685, "loss/joints/train": 0.16798159062862397, "loss/depth/train": 2.195587983131409, "loss/uv/train": 0.14609644964337348, "loss/uv_heatmap/train": 3.3948998403549195, "time": 0.3653030729293823, "grad_norm": 6.6976528120040895, "epoch": 1, "iter": 950, "memory": 8619, "step": 950}
{"base_lr": 4.181108698428954e-05, "lr": 4.1811086984289355e-06, "data_time": 0.013742833137512208, "loss": 5.877376890182495, "loss/joints/train": 0.16539545625448226, "loss/depth/train": 2.1789220345020293, "loss/uv/train": 0.13872904390096663, "loss/uv_heatmap/train": 3.3943303060531616, "time": 0.3694407892227173, "grad_norm": 7.093217368125916, "epoch": 1, "iter": 1000, "memory": 8619,