{"base_lr": 8.15070903977223e-07, "lr": 8.150709039772657e-08, "data_time": 0.2571155214309692, "loss": 0.2691261488199234, "loss/joints/train": 0.06633899614214897, "loss/depth/train": 0.14954342372715473, "loss/uv/train": 0.05324372816830873, "time": 0.9806768703460693, "grad_norm": 10.010261216163634, "epoch": 20, "iter": 43161, "memory": 8784, "step": 43161}
{"base_lr": 7.788640026650539e-07, "lr": 7.788640026650948e-08, "data_time": 0.18392107009887695, "loss": 0.275735202729702, "loss/joints/train": 0.07140867501497268, "loss/depth/train": 0.14630455058068037, "loss/uv/train": 0.05802197527140379, "time": 0.5142651748657227, "grad_norm": 9.924883646965027, "epoch": 20, "iter": 43211, "memory": 8784, "step": 43211}
{"base_lr": 7.434733527772532e-07, "lr": 7.434733527772918e-08, "data_time": 0.16986711025238038, "loss": 0.2812856201827526, "loss/joints/train": 0.06910694614052773, "loss/depth/train": 0.1619522552192211, "loss/uv/train": 0.050226417183876035, "time": 0.5015102624893188, "grad_norm": 9.6824848985672, "epoch": 20, "iter": 43261, "memory": 8784, "step": 43261}
{"base_lr": 7.088995412094018e-07, "lr": 7.088995412094392e-08, "data_time": 0.13254047870635988, "loss": 0.3091864503920078, "loss/joints/train": 0.07302767515182496, "loss/depth/train": 0.1782890909910202, "loss/uv/train": 0.05786968486383557, "time": 0.46611076831817627, "grad_norm": 9.714289708137512, "epoch": 20, "iter": 43311, "memory": 8784, "step": 43311}
{"base_lr": 6.751431413112075e-07, "lr": 6.751431413112435e-08, "data_time": 0.11610540390014648, "loss": 0.3313313150405884, "loss/joints/train": 0.07363525412976742, "loss/depth/train": 0.1926669428870082, "loss/uv/train": 0.06502911882475018, "time": 0.4518996620178223, "grad_norm": 9.801668877601623, "epoch": 20, "iter": 43361, "memory": 8784, "step": 43361}
{"base_lr": 6.422047128769203e-07, "lr": 6.422047128769546e-08, "data_time": 0.0949157190322876, "loss": 0.35719621911644933, "loss/joints/train": 0.06741801537573337, "loss/depth/train": 0.21467555925250054, "loss/uv/train": 0.07510264558717608, "time": 0.4292171049118042, "grad_norm": 9.861855969429016, "epoch": 20, "iter": 43411, "memory": 8784, "step": 43411}
{"base_lr": 6.100848021361017e-07, "lr": 6.100848021361342e-08, "data_time": 0.036356968879699705, "loss": 0.3280124533176422, "loss/joints/train": 0.07007570929825306, "loss/depth/train": 0.19648843869566918, "loss/uv/train": 0.06144830606877804, "time": 0.3726274347305298, "grad_norm": 9.827319750785827, "epoch": 20, "iter": 43461, "memory": 8784, "step": 43461}
{"base_lr": 5.787839417445371e-07, "lr": 5.787839417445682e-08, "data_time": 0.045007023811340335, "loss": 0.30698958426713946, "loss/joints/train": 0.07418179884552956, "loss/depth/train": 0.1693529074639082, "loss/uv/train": 0.0634548807144165, "time": 0.3813768291473389, "grad_norm": 10.145511059761047, "epoch": 20, "iter": 43511, "memory": 8784, "step": 43511}
{"base_lr": 5.483026507754004e-07, "lr": 5.4830265077542985e-08, "data_time": 0.04706564903259278, "loss": 0.31021464720368386, "loss/joints/train": 0.06945745751261712, "loss/depth/train": 0.17855868943035602, "loss/uv/train": 0.06219850128516555, "time": 0.3875152206420898, "grad_norm": 10.001418838500976, "epoch": 20, "iter": 43561, "memory": 8784, "step": 43561}
{"base_lr": 5.18641434710681e-07, "lr": 5.186414347107091e-08, "data_time": 0.052037591934204104, "loss": 0.3130389764904976, "loss/joints/train": 0.071141801699996, "loss/depth/train": 0.18183658964931965, "loss/uv/train": 0.06006058362312615, "time": 0.39308674812316896, "grad_norm": 10.051423816680908, "epoch": 20, "iter": 43611, "memory": 8784, "step": 43611}
{"base_lr": 4.898007854327644e-07, "lr": 4.8980078543279055e-08, "data_time": 0.04095283031463623, "loss": 0.2940476793050766, "loss/joints/train": 0.07354044310748577, "loss/depth/train": 0.16599335953593253, "loss/uv/train": 0.05451387546956539, "time": 0.38026862144470214, "grad_norm": 10.220397214889527, "epoch": 20, "iter": 43661, "memory": 8784, "step": 43661}
{"base_lr": 4.617811812162865e-07, "lr": 4.617811812163111e-08, "data_time": 0.05732417106628418, "loss": 0.2859592868387699, "loss/joints/train": 0.06854230470955372, "loss/depth/train": 0.16482013147324323, "loss/uv/train": 0.05259685035794973, "time": 0.39661839962005613, "grad_norm": 9.968905715942382, "epoch": 20, "iter": 43711, "memory": 8784, "step": 43711}
{"base_lr": 4.3458308672021395e-07, "lr": 4.3458308672023715e-08, "data_time": 0.050880637168884274, "loss": 0.2854171739518642, "loss/joints/train": 0.06757362946867942, "loss/depth/train": 0.16440242156386375, "loss/uv/train": 0.05344112195074558, "time": 0.39079852104187013, "grad_norm": 10.058675899505616, "epoch": 20, "iter": 43761, "memory": 8784, "step": 43761}
{"base_lr": 4.082069529801168e-07, "lr": 4.0820695298013856e-08, "data_time": 0.03467183589935303, "loss": 0.2812704285979271, "loss/joints/train": 0.06905464991927147, "loss/depth/train": 0.1585605313628912, "loss/uv/train": 0.053655243813991546, "time": 0.37642454147338866, "grad_norm": 10.047598733901978, "epoch": 20, "iter": 43811, "memory": 8784, "step": 43811}
{"base_lr": 3.8265321740069674e-07, "lr": 3.826532174007175e-08, "data_time": 0.05054804801940918, "loss": 0.2908924812078476, "loss/joints/train": 0.07040713671594859, "loss/depth/train": 0.15378666412085296, "loss/uv/train": 0.06669868170283735, "time": 0.3905941390991211, "grad_norm": 10.067574481964112, "epoch": 20, "iter": 43861, "memory": 8784, "step": 43861}
{"base_lr": 3.5792230374856463e-07, "lr": 3.579223037485841e-08, "data_time": 0.031891794204711915, "loss": 0.31101187914609907, "loss/joints/train": 0.07492270484566689, "loss/depth/train": 0.18321116466075182, "loss/uv/train": 0.05287801004946232, "time": 0.37258512496948243, "grad_norm": 10.10150040626526, "epoch": 20, "iter": 43911, "memory": 8784, "step": 43911}
{"base_lr": 3.3401462214514555e-07, "lr": 3.340146221451636e-08, "data_time": 0.035633182525634764, "loss": 0.32394453465938566, "loss/joints/train": 0.07141977697610855, "loss/depth/train": 0.19080535605549812, "loss/uv/train": 0.061719398349523544, "time": 0.37708271980285646, "grad_norm": 10.429999866485595, "epoch": 20, "iter": 43961, "memory": 8784, "step": 43961}
{"base_lr": 3.109305690599584e-07, "lr": 3.109305690599752e-08, "data_time": 0.028141236305236815, "loss": 0.30981883153319356, "loss/joints/train": 0.07502001814544201, "loss/depth/train": 0.17947680316865444, "loss/uv/train": 0.0553220097348094, "time": 0.36801977634429933, "grad_norm": 10.263995275497436, "epoch": 20, "iter": 44011, "memory": 8784, "step": 44011}
{"base_lr": 2.8867052730396916e-07, "lr": 2.886705273039849e-08, "data_time": 0.035928716659545896, "loss": 0.2754086712002754, "loss/joints/train": 0.06743242487311363, "loss/depth/train": 0.1558325585350394, "loss/uv/train": 0.05214368866756559, "time": 0.3746698045730591, "grad_norm": 10.229234504699708, "epoch": 20, "iter": 44061, "memory": 8784, "step": 44061}
{"base_lr": 2.6723486602329734e-07, "lr": 2.6723486602331184e-08, "data_time": 0.031443939208984376, "loss": 0.2883139602839947, "loss/joints/train": 0.0702810973674059, "loss/depth/train": 0.16293839380145073, "loss/uv/train": 0.05509447031654417, "time": 0.3716859722137451, "grad_norm": 10.459654350280761, "epoch": 20, "iter": 44111, "memory": 8784, "step": 44111}
{"base_lr": 2.466239406930474e-07, "lr": 2.4662394069306075e-08, "data_time": 0.025166597366333008, "loss": 0.28433680415153506, "loss/joints/train": 0.06820575669407844, "loss/depth/train": 0.16375508058816193, "loss/uv/train": 0.05237596713006496, "time": 0.3700141525268555, "grad_norm": 10.271010980606079, "epoch": 20, "iter": 44161, "memory": 8784, "step": 44161}
{"base_lr": 2.268380931114481e-07, "lr": 2.268380931114604e-08, "data_time": 0.03173254489898682, "loss": 0.29319138258695604, "loss/joints/train": 0.07286740005016328, "loss/depth/train": 0.15948189115151762, "loss/uv/train": 0.06084208963438868, "time": 0.3718167972564697,