{"base_lr": 3.399009712837836e-05, "lr": 3.3990097128378363e-06, "data_time": 0.01708653450012207, "loss": 1.992365894317627, "loss/joints/train": 0.17605112880468368, "loss/depth/train": 1.6867983865737914, "loss/uv/train": 0.12951638773083687, "time": 1.835046000480652, "grad_norm": 8.905283133188883, "epoch": 1, "iter": 50, "memory": 10611, "step": 50}
{"base_lr": 3.4694277871621576e-05, "lr": 3.469427787162162e-06, "data_time": 0.010051865577697754, "loss": 1.2765645372867584, "loss/joints/train": 0.15590545475482942, "loss/depth/train": 0.9962995004653931, "loss/uv/train": 0.1243595813959837, "time": 1.8283937978744507, "grad_norm": 8.91590929031372, "epoch": 1, "iter": 100, "memory": 10611, "step": 100}
{"base_lr": 3.539845861486479e-05, "lr": 3.539845861486485e-06, "data_time": 0.00676142692565918, "loss": 0.7888054132461548, "loss/joints/train": 0.14218624249100686, "loss/depth/train": 0.532264746427536, "loss/uv/train": 0.11435441859066486, "time": 1.829564414024353, "grad_norm": 8.633192088868883, "epoch": 1, "iter": 150, "memory": 10611, "step": 150}
{"base_lr": 3.6102639358108e-05, "lr": 3.610263935810807e-06, "data_time": 0.005853948593139649, "loss": 0.5356875044107438, "loss/joints/train": 0.1185980387032032, "loss/depth/train": 0.29281791880726815, "loss/uv/train": 0.1242715433984995, "time": 1.8326862049102783, "grad_norm": 7.953445625305176, "epoch": 1, "iter": 200, "memory": 10611, "step": 200}
{"base_lr": 3.680682010135121e-05, "lr": 3.6806820101351313e-06, "data_time": 0.006004548072814942, "loss": 0.5852933371067047, "loss/joints/train": 0.1063528710603714, "loss/depth/train": 0.35787914782762525, "loss/uv/train": 0.12106131799519063, "time": 1.831930913925171, "grad_norm": 7.737620246025823, "epoch": 1, "iter": 250, "memory": 10611, "step": 250}
{"base_lr": 3.7511000844594435e-05, "lr": 3.7511000844594568e-06, "data_time": 0.007550902366638183, "loss": 0.5244106647372245, "loss/joints/train": 0.09692525520920753, "loss/depth/train": 0.30351636558771133, "loss/uv/train": 0.12396904483437537, "time": 1.8329044675827026, "grad_norm": 7.5026983054908545, "epoch": 1, "iter": 300, "memory": 10611, "step": 300}
{"base_lr": 3.821518158783764e-05, "lr": 3.821518158783781e-06, "data_time": 0.005777010917663574, "loss": 0.5030979618430138, "loss/joints/train": 0.0900152650475502, "loss/depth/train": 0.2938192874193192, "loss/uv/train": 0.119263409152627, "time": 1.8324583435058595, "grad_norm": 6.921088251956673, "epoch": 1, "iter": 350, "memory": 10611, "step": 350}
{"base_lr": 3.891936233108085e-05, "lr": 3.891936233108105e-06, "data_time": 0.007054858207702637, "loss": 0.4868642798066139, "loss/joints/train": 0.08369066886603832, "loss/depth/train": 0.2859961673617363, "loss/uv/train": 0.11717744000256061, "time": 1.8361961030960083, "grad_norm": 6.450319156646729, "epoch": 1, "iter": 400, "memory": 10611, "step": 400}
{"base_lr": 3.962354307432404e-05, "lr": 3.962354307432427e-06, "data_time": 0.006224069595336914, "loss": 0.5026286500692367, "loss/joints/train": 0.08708870247006416, "loss/depth/train": 0.2995328639447689, "loss/uv/train": 0.1160070849955082, "time": 1.8328921175003052, "grad_norm": 5.8129034423828125, "epoch": 1, "iter": 450, "memory": 10611, "step": 450}
{"base_lr": 4.032772381756728e-05, "lr": 4.032772381756756e-06, "data_time": 0.006853284835815429, "loss": 0.48795007228851317, "loss/joints/train": 0.08675646454095841, "loss/depth/train": 0.28223944291472436, "loss/uv/train": 0.11895416520535945, "time": 1.835290446281433, "grad_norm": 5.212114644050598, "epoch": 1, "iter": 500, "memory": 10611, "step": 500}
{"base_lr": 4.103190456081049e-05, "lr": 4.103190456081083e-06, "data_time": 0.0068354177474975585, "loss": 0.5016723734140396, "loss/joints/train": 0.08587289482355118, "loss/depth/train": 0.2949972203373909, "loss/uv/train": 0.1208022602647543, "time": 1.8350284481048584, "grad_norm": 4.79933527469635, "epoch": 1, "iter": 550, "memory": 10611, "step": 550}
{"base_lr": 4.1736085304053705e-05, "lr": 4.173608530405409e-06, "data_time": 0.006804022789001465, "loss": 0.46590265959501265, "loss/joints/train": 0.0833117801696062, "loss/depth/train": 0.2768548172712326, "loss/uv/train": 0.10573605902493, "time": 1.8375115060806275, "grad_norm": 4.430067439079284, "epoch": 1, "iter": 600, "memory": 10611, "step": 600}
{"base_lr": 4.2440266047296884e-05, "lr": 4.2440266047297366e-06, "data_time": 0.007029414176940918, "loss": 0.4747609966993332, "loss/joints/train": 0.0836197191476822, "loss/depth/train": 0.26797113597393035, "loss/uv/train": 0.12317013829946517, "time": 1.834058508872986, "grad_norm": 3.9990881276130676, "epoch": 1, "iter": 650, "memory": 10611, "step": 650}
{"base_lr": 4.314444679054003e-05, "lr": 4.314444679054061e-06, "data_time": 0.006613874435424804, "loss": 0.483394490480423, "loss/joints/train": 0.08428381428122521, "loss/depth/train": 0.28300570487976073, "loss/uv/train": 0.11610497057437896, "time": 1.8336586666107177, "grad_norm": 3.5931652045249938, "epoch": 1, "iter": 700, "memory": 10611, "step": 700}
{"base_lr": 4.384862753378322e-05, "lr": 4.384862753378386e-06, "data_time": 0.007728343009948731, "loss": 0.4913411200046539, "loss/joints/train": 0.08375752478837967, "loss/depth/train": 0.2892144800722599, "loss/uv/train": 0.1183691118657589, "time": 1.8348550605773926, "grad_norm": 3.8579114055633545, "epoch": 1, "iter": 750, "memory": 10611, "step": 750}
{"base_lr": 4.455280827702639e-05, "lr": 4.455280827702711e-06, "data_time": 0.007314014434814453, "loss": 0.45325131475925445, "loss/joints/train": 0.08293164730072021, "loss/depth/train": 0.2551585657894611, "loss/uv/train": 0.1151611040532589, "time": 1.8376652526855468, "grad_norm": 3.9997751092910767, "epoch": 1, "iter": 800, "memory": 10611, "step": 800}
{"base_lr": 4.5256989020269634e-05, "lr": 4.525698902027043e-06, "data_time": 0.008527326583862304, "loss": 0.48815363228321074, "loss/joints/train": 0.08839489296078681, "loss/depth/train": 0.28329910203814507, "loss/uv/train": 0.11645963743329048, "time": 1.83429762840271, "grad_norm": 3.838891067504883, "epoch": 1, "iter": 850, "memory": 10611, "step": 850}
{"base_lr": 4.5961169763512854e-05, "lr": 4.596116976351374e-06, "data_time": 0.008029379844665528, "loss": 0.4687346228957176, "loss/joints/train": 0.08158394642174244, "loss/depth/train": 0.26639328375458715, "loss/uv/train": 0.12075739435851574, "time": 1.8362845230102538, "grad_norm": 3.929738450050354, "epoch": 1, "iter": 900, "memory": 10611, "step": 900}
{"base_lr": 4.6665350506756074e-05, "lr": 4.666535050675701e-06, "data_time": 0.007838277816772462, "loss": 0.48104155480861666, "loss/joints/train": 0.0880506171286106, "loss/depth/train": 0.26316453129053113, "loss/uv/train": 0.1298264079540968, "time": 1.8344226503372192, "grad_norm": 3.8403428554534913, "epoch": 1, "iter": 950, "memory": 10611, "step": 950}
{"base_lr": 4.736953124999933e-05, "lr": 4.736953125000029e-06, "data_time": 0.006736655235290528, "loss": 0.47934085845947266, "loss/joints/train": 0.08517183318734169, "loss/depth/train": 0.27111154958605765, "loss/uv/train": 0.12305747225880623, "time": 1.836236982345581, "grad_norm": 4.107708463668823, "epoch": 1, "iter": 1000, "memory": 10611, "step": 1000}
{"base_lr": 4.8073711993242533e-05, "lr": 4.807371199324354e-06, "data_time": 0.007418026924133301, "loss": 0.44118524610996246, "loss/joints/train": 0.08213095471262932, "loss/depth/train": 0.24769054144620894, "loss/uv/train": 0.11136374905705453, "time": 1.8333830499649049, "grad_norm": 4.112208573818207, "epoch": 1, "iter": 1050, "memory": 10611, "step": 1050}
{"base_lr": 4.8777892736485773e-05, "lr": 4.877789273648681e-06, "data_time": 0.008900880813598633, "loss": 0.4550500467419624, "loss/joints/train": 0.08589666798710822, "loss/depth/train": 0.24825526110827922, "loss/uv/train": 0.1208981179445982, "time": 1.835971050262451, "grad_norm": 5.385431463718414, "epoch": 1, "iter": 1100, "memory": 10611,