{"base_lr": 8.15070903977223e-07, "lr": 8.150709039772657e-08, "data_time": 0.020270938873291015, "loss": 0.26683355957269667, "loss/joints/train": 0.06594055339694023, "loss/depth/train": 0.14844579987227915, "loss/uv/train": 0.052447206266224386, "time": 0.38224873065948484, "grad_norm": 11.186257247924805, "epoch": 20, "iter": 43161, "memory": 8938, "step": 43161}
{"base_lr": 7.788640026650539e-07, "lr": 7.788640026650948e-08, "data_time": 0.012393784523010255, "loss": 0.2621439260244369, "loss/joints/train": 0.07185373939573765, "loss/depth/train": 0.13682291125878693, "loss/uv/train": 0.05346727524884045, "time": 0.35704052448272705, "grad_norm": 11.08544153213501, "epoch": 20, "iter": 43211, "memory": 8938, "step": 43211}
{"base_lr": 7.434733527772532e-07, "lr": 7.434733527772918e-08, "data_time": 0.01000227928161621, "loss": 0.2773377102613449, "loss/joints/train": 0.06913388133049012, "loss/depth/train": 0.16384262293577195, "loss/uv/train": 0.044361206721514466, "time": 0.3560467767715454, "grad_norm": 10.685228672027588, "epoch": 20, "iter": 43261, "memory": 8938, "step": 43261}
{"base_lr": 7.088995412094018e-07, "lr": 7.088995412094392e-08, "data_time": 0.008524198532104493, "loss": 0.3094253207743168, "loss/joints/train": 0.07248350970447064, "loss/depth/train": 0.18654801800847054, "loss/uv/train": 0.05039379278197884, "time": 0.3571163034439087, "grad_norm": 10.778291482925415, "epoch": 20, "iter": 43311, "memory": 8938, "step": 43311}
{"base_lr": 6.751431413112075e-07, "lr": 6.751431413112435e-08, "data_time": 0.00825742244720459, "loss": 0.2854170198738575, "loss/joints/train": 0.07319552645087242, "loss/depth/train": 0.15803471710532904, "loss/uv/train": 0.05418677572160959, "time": 0.35964480876922605, "grad_norm": 10.613773002624512, "epoch": 20, "iter": 43361, "memory": 8938, "step": 43361}
{"base_lr": 6.422047128769203e-07, "lr": 6.422047128769546e-08, "data_time": 0.008621668815612793, "loss": 0.32684764459729193, "loss/joints/train": 0.06819869622588158, "loss/depth/train": 0.18979930974543094, "loss/uv/train": 0.06884963929653168, "time": 0.3594435501098633, "grad_norm": 10.94800597190857, "epoch": 20, "iter": 43411, "memory": 8938, "step": 43411}
{"base_lr": 6.100848021361017e-07, "lr": 6.100848021361342e-08, "data_time": 0.009507040977478027, "loss": 0.3168327558040619, "loss/joints/train": 0.0707717164605856, "loss/depth/train": 0.18839973255991935, "loss/uv/train": 0.057661307025700805, "time": 0.36181016445159914, "grad_norm": 11.043697576522828, "epoch": 20, "iter": 43461, "memory": 8938, "step": 43461}
{"base_lr": 5.787839417445371e-07, "lr": 5.787839417445682e-08, "data_time": 0.00897937774658203, "loss": 0.2775446891784668, "loss/joints/train": 0.07349015071988106, "loss/depth/train": 0.14908545987680555, "loss/uv/train": 0.05496908028610051, "time": 0.3608723497390747, "grad_norm": 10.640959901809692, "epoch": 20, "iter": 43511, "memory": 8938, "step": 43511}
{"base_lr": 5.483026507754004e-07, "lr": 5.4830265077542985e-08, "data_time": 0.010444307327270507, "loss": 0.2602562914788723, "loss/joints/train": 0.07036375477910042, "loss/depth/train": 0.13524183962494135, "loss/uv/train": 0.054650695491582156, "time": 0.364640383720398, "grad_norm": 10.50452784538269, "epoch": 20, "iter": 43561, "memory": 8938, "step": 43561}
{"base_lr": 5.18641434710681e-07, "lr": 5.186414347107091e-08, "data_time": 0.009685735702514648, "loss": 0.3064898359775543, "loss/joints/train": 0.07217142976820469, "loss/depth/train": 0.17793425090610981, "loss/uv/train": 0.05638415575027466, "time": 0.36288042545318605, "grad_norm": 10.416722526550293, "epoch": 20, "iter": 43611, "memory": 8938, "step": 43611}
{"base_lr": 4.898007854327644e-07, "lr": 4.8980078543279055e-08, "data_time": 0.010778656005859375, "loss": 0.3000425641238689, "loss/joints/train": 0.0739585854113102, "loss/depth/train": 0.17836091838777066, "loss/uv/train": 0.04772305864840746, "time": 0.3628033924102783, "grad_norm": 10.570961465835572, "epoch": 20, "iter": 43661, "memory": 8938, "step": 43661}
{"base_lr": 4.617811812162865e-07, "lr": 4.617811812163111e-08, "data_time": 0.013409481048583985, "loss": 0.28513332203030584, "loss/joints/train": 0.06868965029716492, "loss/depth/train": 0.172268510684371, "loss/uv/train": 0.04417516250163317, "time": 0.3638411235809326, "grad_norm": 10.724204092025756, "epoch": 20, "iter": 43711, "memory": 8938, "step": 43711}
{"base_lr": 4.3458308672021395e-07, "lr": 4.3458308672023715e-08, "data_time": 0.021838879585266112, "loss": 0.26537744015455245, "loss/joints/train": 0.06689414829015732, "loss/depth/train": 0.14937144983559847, "loss/uv/train": 0.049111843127757314, "time": 0.37490928173065186, "grad_norm": 11.075224170684814, "epoch": 20, "iter": 43761, "memory": 8938, "step": 43761}
{"base_lr": 4.082069529801168e-07, "lr": 4.0820695298013856e-08, "data_time": 0.0201408052444458, "loss": 0.27721812278032304, "loss/joints/train": 0.0694636022299528, "loss/depth/train": 0.15816649433225394, "loss/uv/train": 0.04958802876994014, "time": 0.3712189245223999, "grad_norm": 10.764466962814332, "epoch": 20, "iter": 43811, "memory": 8938, "step": 43811}
{"base_lr": 3.8265321740069674e-07, "lr": 3.826532174007175e-08, "data_time": 0.020405292510986328, "loss": 0.2786626850068569, "loss/joints/train": 0.06967916958034039, "loss/depth/train": 0.14879723750054835, "loss/uv/train": 0.06018627831712365, "time": 0.37111371994018555, "grad_norm": 10.58635235786438, "epoch": 20, "iter": 43861, "memory": 8938, "step": 43861}
{"base_lr": 3.5792230374856463e-07, "lr": 3.579223037485841e-08, "data_time": 0.022692804336547853, "loss": 0.2893415592610836, "loss/joints/train": 0.07586194962263107, "loss/depth/train": 0.16597045343369246, "loss/uv/train": 0.047509157098829746, "time": 0.37339656352996825, "grad_norm": 10.463540239334106, "epoch": 20, "iter": 43911, "memory": 8938, "step": 43911}
{"base_lr": 3.3401462214514555e-07, "lr": 3.340146221451636e-08, "data_time": 0.011116318702697754, "loss": 0.2789978305995464, "loss/joints/train": 0.07078818917274475, "loss/depth/train": 0.15626946732401847, "loss/uv/train": 0.05194017383269966, "time": 0.36400747299194336, "grad_norm": 10.773285055160523, "epoch": 20, "iter": 43961, "memory": 8938, "step": 43961}
{"base_lr": 3.109305690599584e-07, "lr": 3.109305690599752e-08, "data_time": 0.01789158821105957, "loss": 0.2865413850545883, "loss/joints/train": 0.07517179220914841, "loss/depth/train": 0.16001174174249172, "loss/uv/train": 0.05135785076767206, "time": 0.36883506298065183, "grad_norm": 10.686554861068725, "epoch": 20, "iter": 44011, "memory": 8938, "step": 44011}
{"base_lr": 2.8867052730396916e-07, "lr": 2.886705273039849e-08, "data_time": 0.021137685775756837, "loss": 0.2740320239961147, "loss/joints/train": 0.06744606405496598, "loss/depth/train": 0.15633008953183888, "loss/uv/train": 0.05025587229058146, "time": 0.3711897563934326, "grad_norm": 10.714733333587647, "epoch": 20, "iter": 44061, "memory": 8938, "step": 44061}
{"base_lr": 2.6723486602329734e-07, "lr": 2.6723486602331184e-08, "data_time": 0.011916790008544922, "loss": 0.2710811758041382, "loss/joints/train": 0.07121981091797353, "loss/depth/train": 0.15471797846257687, "loss/uv/train": 0.04514338685199618, "time": 0.36322578430175784, "grad_norm": 10.74160506248474, "epoch": 20, "iter": 44111, "memory": 8938, "step": 44111}
{"base_lr": 2.466239406930474e-07, "lr": 2.4662394069306075e-08, "data_time": 0.028596386909484864, "loss": 0.28955421686172483, "loss/joints/train": 0.0688239910453558, "loss/depth/train": 0.1708092731051147, "loss/uv/train": 0.04992095228284597, "time": 0.38176478862762453, "grad_norm": 10.77022891998291, "epoch": 20, "iter": 44161, "memory": 8938, "step": 44161}
{"base_lr": 2.268380931114481e-07, "lr": 2.268380931114604e-08, "data_time": 0.012006850242614745, "loss": 0.27537200540304185, "loss/joints/train": 0.07164430648088455, "loss/depth/train": 0.15173160679638387, "loss/uv/train": 0.05199609300121665,