{"base_lr": 3.378020863943584e-05, "lr": 3.3780208639435833e-06, "data_time": 0.04663768768310547, "loss": 5.792859449386596, "loss/joints/train": 0.19851936668157577, "loss/depth/train": 5.4541483402252195, "loss/uv/train": 0.14019174836575984, "time": 0.5296534299850464, "grad_norm": 8.244232972462973, "epoch": 1, "iter": 50, "memory": 8619, "step": 50}
{"base_lr": 3.427021745518664e-05, "lr": 3.4270217455186645e-06, "data_time": 0.014688029289245605, "loss": 5.145700387954712, "loss/joints/train": 0.18324794352054596, "loss/depth/train": 4.820116260051727, "loss/uv/train": 0.14233620278537273, "time": 0.34935527324676513, "grad_norm": 8.258446534474691, "epoch": 1, "iter": 100, "memory": 8619, "step": 100}
{"base_lr": 3.476022627093746e-05, "lr": 3.4760226270937457e-06, "data_time": 0.013050894737243652, "loss": 4.652985754013062, "loss/joints/train": 0.1885754334926605, "loss/depth/train": 4.303931555747986, "loss/uv/train": 0.16047875933349132, "time": 0.348547043800354, "grad_norm": 8.88184044096205, "epoch": 1, "iter": 150, "memory": 8619, "step": 150}
{"base_lr": 3.5250235086688265e-05, "lr": 3.5250235086688277e-06, "data_time": 0.015492491722106934, "loss": 3.8844994509220125, "loss/joints/train": 0.1866186147928238, "loss/depth/train": 3.546552623510361, "loss/uv/train": 0.15132824525237085, "time": 0.351450662612915, "grad_norm": 8.51445924758911, "epoch": 1, "iter": 200, "memory": 8619, "step": 200}
{"base_lr": 3.5740243902439064e-05, "lr": 3.5740243902439084e-06, "data_time": 0.012932405471801758, "loss": 3.4136518669128417, "loss/joints/train": 0.18592530846595764, "loss/depth/train": 3.0584381461143493, "loss/uv/train": 0.16928838841617108, "time": 0.3481195306777954, "grad_norm": Infinity, "epoch": 1, "iter": 250, "memory": 8619, "step": 250}
{"base_lr": 3.6230252718189864e-05, "lr": 3.6230252718189912e-06, "data_time": 0.01503270149230957, "loss": 3.4377762913703918, "loss/joints/train": 0.18859098523855208, "loss/depth/train": 3.089412993192673, "loss/uv/train": 0.15977231614291668, "time": 0.3543433952331543, "grad_norm": Infinity, "epoch": 1, "iter": 300, "memory": 8619, "step": 300}
{"base_lr": 3.672026153394065e-05, "lr": 3.672026153394071e-06, "data_time": 0.016295452117919922, "loss": 3.1427359557151795, "loss/joints/train": 0.18984633326530456, "loss/depth/train": 2.800937157869339, "loss/uv/train": 0.15195248670876027, "time": 0.35685379028320313, "grad_norm": Infinity, "epoch": 1, "iter": 350, "memory": 8619, "step": 350}
{"base_lr": 3.721027034969144e-05, "lr": 3.721027034969151e-06, "data_time": 0.016269407272338866, "loss": 3.059057188034058, "loss/joints/train": 0.19180160731077195, "loss/depth/train": 2.694705011844635, "loss/uv/train": 0.17255057215690614, "time": 0.35690817356109616, "grad_norm": Infinity, "epoch": 1, "iter": 400, "memory": 8619, "step": 400}
{"base_lr": 3.7700279165442236e-05, "lr": 3.7700279165442334e-06, "data_time": 0.01684760093688965, "loss": 2.721672782897949, "loss/joints/train": 0.19411358773708343, "loss/depth/train": 2.3555899655818937, "loss/uv/train": 0.17196925334632396, "time": 0.3561711883544922, "grad_norm": Infinity, "epoch": 1, "iter": 450, "memory": 8619, "step": 450}
{"base_lr": 3.819028798119304e-05, "lr": 3.819028798119314e-06, "data_time": 0.015739378929138185, "loss": 2.3539941573143004, "loss/joints/train": 0.19348228722810745, "loss/depth/train": 1.9959790229797363, "loss/uv/train": 0.16453286595642566, "time": 0.35358078956604005, "grad_norm": Infinity, "epoch": 1, "iter": 500, "memory": 8619, "step": 500}
{"base_lr": 3.8680296796943815e-05, "lr": 3.868029679694392e-06, "data_time": 0.01588280200958252, "loss": 2.631133600473404, "loss/joints/train": 0.1929880866408348, "loss/depth/train": 2.2653999555110933, "loss/uv/train": 0.17274555779993533, "time": 0.35424654006958006, "grad_norm": Infinity, "epoch": 1, "iter": 550, "memory": 8619, "step": 550}
{"base_lr": 3.917030561269458e-05, "lr": 3.917030561269473e-06, "data_time": 0.01737916946411133, "loss": 2.694257400035858, "loss/joints/train": 0.19430481553077697, "loss/depth/train": 2.337011226415634, "loss/uv/train": 0.1629413652420044, "time": 0.3569397640228271, "grad_norm": Infinity, "epoch": 1, "iter": 600, "memory": 8619, "step": 600}
{"base_lr": 3.96603144284454e-05, "lr": 3.9660314428445555e-06, "data_time": 0.01761470317840576, "loss": 2.4636721241474153, "loss/joints/train": 0.19152994304895402, "loss/depth/train": 2.095979331731796, "loss/uv/train": 0.17616284236311913, "time": 0.35440454006195066, "grad_norm": Infinity, "epoch": 1, "iter": 650, "memory": 8619, "step": 650}
{"base_lr": 4.015032324419618e-05, "lr": 4.015032324419634e-06, "data_time": 0.01749000072479248, "loss": 2.672015380859375, "loss/joints/train": 0.18903983801603316, "loss/depth/train": 2.310135158896446, "loss/uv/train": 0.1728403899073601, "time": 0.355055627822876, "grad_norm": Infinity, "epoch": 1, "iter": 700, "memory": 8619, "step": 700}
{"base_lr": 4.064033205994697e-05, "lr": 4.0640332059947144e-06, "data_time": 0.014912157058715821, "loss": 2.5469029903411866, "loss/joints/train": 0.18442751318216324, "loss/depth/train": 2.185628077983856, "loss/uv/train": 0.17684741608798504, "time": 0.35317809581756593, "grad_norm": Infinity, "epoch": 1, "iter": 750, "memory": 8619, "step": 750}
{"base_lr": 4.1130340875697814e-05, "lr": 4.113034087569802e-06, "data_time": 0.015208816528320313, "loss": 2.8187180805206298, "loss/joints/train": 0.18334405839443207, "loss/depth/train": 2.469018585681915, "loss/uv/train": 0.16635542176663876, "time": 0.35752239227294924, "grad_norm": Infinity, "epoch": 1, "iter": 800, "memory": 8619, "step": 800}
{"base_lr": 4.1620349691448566e-05, "lr": 4.162034969144884e-06, "data_time": 0.016621007919311523, "loss": 2.480490369796753, "loss/joints/train": 0.17935522198677062, "loss/depth/train": 2.148933683633804, "loss/uv/train": 0.15220146179199218, "time": 0.3521225643157959, "grad_norm": Infinity, "epoch": 1, "iter": 850, "memory": 8619, "step": 850}
{"base_lr": 4.2110358507199386e-05, "lr": 4.2110358507199655e-06, "data_time": 0.012441306114196778, "loss": 2.4834444165229796, "loss/joints/train": 0.17924870640039445, "loss/depth/train": 2.1383526372909545, "loss/uv/train": 0.16584306582808495, "time": 0.35016522407531736, "grad_norm": Infinity, "epoch": 1, "iter": 900, "memory": 8619, "step": 900}
{"base_lr": 4.260036732295019e-05, "lr": 4.2600367322950475e-06, "data_time": 0.012530813217163086, "loss": 2.6658582973480223, "loss/joints/train": 0.17785065203905107, "loss/depth/train": 2.330765404701233, "loss/uv/train": 0.15724222749471664, "time": 0.34934589385986325, "grad_norm": Infinity, "epoch": 1, "iter": 950, "memory": 8619, "step": 950}
