{"base_lr": 3.399009712837836e-05, "lr": 3.3990097128378363e-06, "data_time": 0.024320621490478516, "loss": 4.463769121170044, "loss/joints/train": 0.1854287165403366, "loss/depth/train": 4.148773488998413, "loss/uv/train": 0.12956693544983863, "time": 1.7967662572860719, "grad_norm": 2.3563448190689087, "epoch": 1, "iter": 50, "memory": 10611, "step": 50}
{"base_lr": 3.4694277871621576e-05, "lr": 3.469427787162162e-06, "data_time": 0.014025287628173828, "loss": 4.379241828918457, "loss/joints/train": 0.1796545207500458, "loss/depth/train": 4.0684734010696415, "loss/uv/train": 0.13111391149461268, "time": 1.7907048273086548, "grad_norm": 2.4451099236806235, "epoch": 1, "iter": 100, "memory": 10611, "step": 100}
{"base_lr": 3.539845861486479e-05, "lr": 3.539845861486485e-06, "data_time": 0.01430452823638916, "loss": 4.261208238601685, "loss/joints/train": 0.1818922758102417, "loss/depth/train": 3.96028160572052, "loss/uv/train": 0.11903439491987228, "time": 1.7941348218917847, "grad_norm": 2.726723074913025, "epoch": 1, "iter": 150, "memory": 10611, "step": 150}
{"base_lr": 3.6102639358108e-05, "lr": 3.610263935810807e-06, "data_time": 0.014219264984130859, "loss": 4.1722531366348266, "loss/joints/train": 0.1751201194524765, "loss/depth/train": 3.8713542795181275, "loss/uv/train": 0.12577871911227703, "time": 1.7991088104248047, "grad_norm": 2.6854118394851683, "epoch": 1, "iter": 200, "memory": 10611, "step": 200}
{"base_lr": 3.680682010135121e-05, "lr": 3.6806820101351313e-06, "data_time": 0.010806589126586915, "loss": 4.072174291610718, "loss/joints/train": 0.1787806960940361, "loss/depth/train": 3.7715399837493897, "loss/uv/train": 0.12185359060764313, "time": 1.7941481733322144, "grad_norm": 2.8504974726707704, "epoch": 1, "iter": 250, "memory": 10611, "step": 250}
{"base_lr": 3.7511000844594435e-05, "lr": 3.7511000844594568e-06, "data_time": 0.01154895305633545, "loss": 3.9884384059906006, "loss/joints/train": 0.1751099532842636, "loss/depth/train": 3.6882242345809937, "loss/uv/train": 0.12510420735925437, "time": 1.794893651008606, "grad_norm": 2.8277795218132638, "epoch": 1, "iter": 300, "memory": 10611, "step": 300}
{"base_lr": 3.821518158783764e-05, "lr": 3.821518158783781e-06, "data_time": 0.01276172161102295, "loss": 3.873283877372742, "loss/joints/train": 0.17576588481664657, "loss/depth/train": 3.5852466440200805, "loss/uv/train": 0.11227136075496674, "time": 1.7949388551712036, "grad_norm": 2.9046423573826634, "epoch": 1, "iter": 350, "memory": 10611, "step": 350}
{"base_lr": 3.891936233108085e-05, "lr": 3.891936233108105e-06, "data_time": 0.01246260643005371, "loss": 3.812354116439819, "loss/joints/train": 0.17270479649305343, "loss/depth/train": 3.5170750427246094, "loss/uv/train": 0.12257428616285324, "time": 1.7987555170059204, "grad_norm": 2.884318449497223, "epoch": 1, "iter": 400, "memory": 10611, "step": 400}
{"base_lr": 3.962354307432404e-05, "lr": 3.962354307432427e-06, "data_time": 0.011509160995483398, "loss": 3.752913875579834, "loss/joints/train": 0.17637665688991547, "loss/depth/train": 3.455161762237549, "loss/uv/train": 0.12137544315308332, "time": 1.7934777069091796, "grad_norm": 2.993449285030365, "epoch": 1, "iter": 450, "memory": 10611, "step": 450}
{"base_lr": 4.032772381756728e-05, "lr": 4.032772381756756e-06, "data_time": 0.012952232360839843, "loss": 3.6455963754653933, "loss/joints/train": 0.1723233637213707, "loss/depth/train": 3.3374970293045045, "loss/uv/train": 0.13577598124742507, "time": 1.7964629316329956, "grad_norm": 3.1438352560997007, "epoch": 1, "iter": 500, "memory": 10611, "step": 500}
{"base_lr": 4.103190456081049e-05, "lr": 4.103190456081083e-06, "data_time": 0.011124482154846191, "loss": 3.603914637565613, "loss/joints/train": 0.17193986743688583, "loss/depth/train": 3.3025450563430785, "loss/uv/train": 0.12942968890070916, "time": 1.794998483657837, "grad_norm": 3.13602712392807, "epoch": 1, "iter": 550, "memory": 10611, "step": 550}
{"base_lr": 4.1736085304053705e-05, "lr": 4.173608530405409e-06, "data_time": 0.01074059009552002, "loss": 3.449136896133423, "loss/joints/train": 0.16896269112825393, "loss/depth/train": 3.161073088645935, "loss/uv/train": 0.11910111263394356, "time": 1.7973154449462891, "grad_norm": 3.2990575551986696, "epoch": 1, "iter": 600, "memory": 10611, "step": 600}
{"base_lr": 4.2440266047296884e-05, "lr": 4.2440266047297366e-06, "data_time": 0.011844229698181153, "loss": 3.4582963037490844, "loss/joints/train": 0.1676439243555069, "loss/depth/train": 3.1509066724777224, "loss/uv/train": 0.13974569991230965, "time": 1.7942715454101563, "grad_norm": 3.349794340133667, "epoch": 1, "iter": 650, "memory": 10611, "step": 650}
{"base_lr": 4.314444679054003e-05, "lr": 4.314444679054061e-06, "data_time": 0.014901342391967774, "loss": 3.491560387611389, "loss/joints/train": 0.16280517756938934, "loss/depth/train": 3.190599946975708, "loss/uv/train": 0.13815524458885192, "time": 1.7987269592285156, "grad_norm": 3.5830566978454588, "epoch": 1, "iter": 700, "memory": 10611, "step": 700}
{"base_lr": 4.384862753378322e-05, "lr": 4.384862753378386e-06, "data_time": 0.01101128101348877, "loss": 3.412575511932373, "loss/joints/train": 0.15854356586933135, "loss/depth/train": 3.1185501766204835, "loss/uv/train": 0.13548177897930144, "time": 1.7939264011383056, "grad_norm": 3.8561385107040405, "epoch": 1, "iter": 750, "memory": 10611, "step": 750}
{"base_lr": 4.455280827702639e-05, "lr": 4.455280827702711e-06, "data_time": 0.01090217113494873, "loss": 3.3669471311569215, "loss/joints/train": 0.1515225100517273, "loss/depth/train": 3.0764892625808717, "loss/uv/train": 0.13893531605601311, "time": 1.7961052799224853, "grad_norm": 4.002205085754395, "epoch": 1, "iter": 800, "memory": 10611, "step": 800}
{"base_lr": 4.5256989020269634e-05, "lr": 4.525698902027043e-06, "data_time": 0.01144803524017334, "loss": 3.412485179901123, "loss/joints/train": 0.14509869918227195, "loss/depth/train": 3.1266599893569946, "loss/uv/train": 0.14072650149464608, "time": 1.7934299898147583, "grad_norm": 4.0413284850120545, "epoch": 1, "iter": 850, "memory": 10611, "step": 850}
{"base_lr": 4.5961169763512854e-05, "lr": 4.596116976351374e-06, "data_time": 0.01290454387664795, "loss": 3.3840718364715574, "loss/joints/train": 0.13254407316446304, "loss/depth/train": 3.111835741996765, "loss/uv/train": 0.13969201125204564, "time": 1.796584768295288, "grad_norm": 4.218338506221771, "epoch": 1, "iter": 900, "memory": 10611, "step": 900}
{"base_lr": 4.6665350506756074e-05, "lr": 4.666535050675701e-06, "data_time": 0.01330042839050293, "loss": 3.350785484313965, "loss/joints/train": 0.12949692487716674, "loss/depth/train": 3.0799931335449218, "loss/uv/train": 0.1412954181432724, "time": 1.7964003896713256, "grad_norm": 4.351292469501495, "epoch": 1, "iter": 950, "memory": 10611, "step": 950}
{"base_lr": 4.736953124999933e-05, "lr": 4.736953125000029e-06, "data_time": 0.011736559867858886, "loss": 3.3123829650878904, "loss/joints/train": 0.12365399181842804, "loss/depth/train": 3.0486790323257447, "loss/uv/train": 0.14004996545612813, "time": 1.7955809545516968, "grad_norm": 4.362824113368988, "epoch": 1, "iter": 1000, "memory": 10611, "step": 1000}
{"base_lr": 4.8073711993242533e-05, "lr": 4.807371199324354e-06, "data_time": 0.014169721603393555, "loss": 3.317896671295166, "loss/joints/train": 0.11727910295128822, "loss/depth/train": 3.0622838640213015, "loss/uv/train": 0.13833369329571724, "time": 1.7968968629837037, "grad_norm": 4.481289713382721, "epoch": 1, "iter": 1050, "memory": 10611, "step": 1050}
{"base_lr": 4.8777892736485773e-05, "lr": 4.877789273648681e-06, "data_time": 0.012153916358947754, "loss": 3.258581576347351, "loss/joints/train": 0.1182553480565548, "loss/depth/train": 3.009168210029602, "loss/uv/train": 0.13115802802145482, "time": 1.7951362466812133, "grad_norm": 4.67929641008377, "epoch": 1, "iter": 1100, "memory": 10611, "step": 1100}
{"base_lr": 4.948207347972903e-05,