{"base_lr": 3.399009712837836e-05, "lr": 3.3990097128378363e-06, "data_time": 0.021546816825866698, "loss": 5.458233461380005, "loss/joints/train": 0.18567356437444688, "loss/depth/train": 4.146631650924682, "loss/depth_reg/train": 0.9964747440814972, "loss/uv/train": 0.12945354647934437, "time": 1.81751362323761, "grad_norm": 2.9886480967203775, "epoch": 1, "iter": 50, "memory": 10611, "step": 50}
{"base_lr": 3.4694277871621576e-05, "lr": 3.469427787162162e-06, "data_time": 0.013070030212402344, "loss": 5.32273157119751, "loss/joints/train": 0.1807985058426857, "loss/depth/train": 4.058389763832093, "loss/depth_reg/train": 0.9506211018562317, "loss/uv/train": 0.1329221849143505, "time": 1.8108589506149293, "grad_norm": 3.0818837881088257, "epoch": 1, "iter": 100, "memory": 10611, "step": 100}
{"base_lr": 3.539845861486479e-05, "lr": 3.539845861486485e-06, "data_time": 0.01340135097503662, "loss": 5.102934274673462, "loss/joints/train": 0.183058745265007, "loss/depth/train": 3.9499407768249513, "loss/depth_reg/train": 0.8552679586410522, "loss/uv/train": 0.1146667768806219, "time": 1.8152878379821777, "grad_norm": 3.705235891871982, "epoch": 1, "iter": 150, "memory": 10611, "step": 150}
{"base_lr": 3.6102639358108e-05, "lr": 3.610263935810807e-06, "data_time": 0.01661428451538086, "loss": 4.9470216751098635, "loss/joints/train": 0.17714886218309403, "loss/depth/train": 3.8603300046920777, "loss/depth_reg/train": 0.7827503836154938, "loss/uv/train": 0.12679241098463534, "time": 1.8228104877471925, "grad_norm": 3.772015781402588, "epoch": 1, "iter": 200, "memory": 10611, "step": 200}
{"base_lr": 3.680682010135121e-05, "lr": 3.6806820101351313e-06, "data_time": 0.012261781692504883, "loss": 4.763281497955322, "loss/joints/train": 0.18214351058006287, "loss/depth/train": 3.7566448402404786, "loss/depth_reg/train": 0.7033450305461884, "loss/uv/train": 0.12114808522164822, "time": 1.8177373600006104, "grad_norm": 3.9194744633090113, "epoch": 1, "iter": 250, "memory": 10611, "step": 250}
{"base_lr": 3.7511000844594435e-05, "lr": 3.7511000844594568e-06, "data_time": 0.017806921005249023, "loss": 4.586572284698486, "loss/joints/train": 0.1787805050611496, "loss/depth/train": 3.662282428741455, "loss/depth_reg/train": 0.6177166223526, "loss/uv/train": 0.12779274299740792, "time": 1.822698950767517, "grad_norm": 4.032479479506209, "epoch": 1, "iter": 300, "memory": 10611, "step": 300}
{"base_lr": 3.821518158783764e-05, "lr": 3.821518158783781e-06, "data_time": 0.012113776206970215, "loss": 4.372765941619873, "loss/joints/train": 0.1816053432226181, "loss/depth/train": 3.550084743499756, "loss/depth_reg/train": 0.5255305254459381, "loss/uv/train": 0.11554534018039703, "time": 1.8155299091339112, "grad_norm": 3.9812541396118872, "epoch": 1, "iter": 350, "memory": 10611, "step": 350}
{"base_lr": 3.891936233108085e-05, "lr": 3.891936233108105e-06, "data_time": 0.013176140785217285, "loss": 4.186973090171814, "loss/joints/train": 0.18047244608402252, "loss/depth/train": 3.4667279052734377, "loss/depth_reg/train": 0.413580687046051, "loss/uv/train": 0.12619211331009864, "time": 1.8212426233291625, "grad_norm": 4.052245292663574, "epoch": 1, "iter": 400, "memory": 10611, "step": 400}
{"base_lr": 3.962354307432404e-05, "lr": 3.962354307432427e-06, "data_time": 0.014000020027160644, "loss": 4.023776259422302, "loss/joints/train": 0.1860014545917511, "loss/depth/train": 3.3993495512008667, "loss/depth_reg/train": 0.3149792242050171, "loss/uv/train": 0.12344601102173329, "time": 1.8181417751312257, "grad_norm": 4.3368240118026735, "epoch": 1, "iter": 450, "memory": 10611, "step": 450}
{"base_lr": 4.032772381756728e-05, "lr": 4.032772381756756e-06, "data_time": 0.013311285972595215, "loss": 3.8236731624603273, "loss/joints/train": 0.18503800630569459, "loss/depth/train": 3.2591103506088257, "loss/depth_reg/train": 0.23907912150025368, "loss/uv/train": 0.14044565096497535, "time": 1.8171092557907105, "grad_norm": 4.5458039283752445, "epoch": 1, "iter": 500, "memory": 10611, "step": 500}
{"base_lr": 4.103190456081049e-05, "lr": 4.103190456081083e-06, "data_time": 0.011248230934143066, "loss": 3.716107292175293, "loss/joints/train": 0.18744400531053543, "loss/depth/train": 3.221042251586914, "loss/depth_reg/train": 0.17048873215913773, "loss/uv/train": 0.13713229700922966, "time": 1.815890769958496, "grad_norm": 4.59681571483612, "epoch": 1, "iter": 550, "memory": 10611, "step": 550}
{"base_lr": 4.1736085304053705e-05, "lr": 4.173608530405409e-06, "data_time": 0.011578550338745117, "loss": 3.5567919921875, "loss/joints/train": 0.18785494983196258, "loss/depth/train": 3.125371537208557, "loss/depth_reg/train": 0.11198751294985414, "loss/uv/train": 0.13157800801098346, "time": 1.8172782850265503, "grad_norm": 4.744400587081909, "epoch": 1, "iter": 600, "memory": 10611, "step": 600}
{"base_lr": 4.2440266047296884e-05, "lr": 4.2440266047297366e-06, "data_time": 0.011071701049804688, "loss": 3.5454462718963624, "loss/joints/train": 0.18936444759368898, "loss/depth/train": 3.1040411901474, "loss/depth_reg/train": 0.09959152385592461, "loss/uv/train": 0.15244907811284064, "time": 1.81433846950531, "grad_norm": 4.865848078727722, "epoch": 1, "iter": 650, "memory": 10611, "step": 650}
{"base_lr": 4.314444679054003e-05, "lr": 4.314444679054061e-06, "data_time": 0.012247657775878907, "loss": 3.5749213552474974, "loss/joints/train": 0.18752213388681413, "loss/depth/train": 3.133547315597534, "loss/depth_reg/train": 0.10554369740188121, "loss/uv/train": 0.14830821126699448, "time": 1.8153486585617065, "grad_norm": 5.02799889087677, "epoch": 1, "iter": 700, "memory": 10611, "step": 700}
{"base_lr": 4.384862753378322e-05, "lr": 4.384862753378386e-06, "data_time": 0.012697596549987793, "loss": 3.4918220376968385, "loss/joints/train": 0.18696236103773117, "loss/depth/train": 3.0688629007339476, "loss/depth_reg/train": 0.09139469537883997, "loss/uv/train": 0.14460210204124452, "time": 1.8173129177093506, "grad_norm": 5.5859770011901855, "epoch": 1, "iter": 750, "memory": 10611, "step": 750}
{"base_lr": 4.455280827702639e-05, "lr": 4.455280827702711e-06, "data_time": 0.012667593955993652, "loss": 3.466655855178833, "loss/joints/train": 0.18532332181930541, "loss/depth/train": 3.041103491783142, "loss/depth_reg/train": 0.08993712086230517, "loss/uv/train": 0.15029192090034485, "time": 1.8188886070251464, "grad_norm": 5.663843779563904, "epoch": 1, "iter": 800, "memory": 10611, "step": 800}
{"base_lr": 4.5256989020269634e-05, "lr": 4.525698902027043e-06, "data_time": 0.014658746719360351, "loss": 3.5177767992019655, "loss/joints/train": 0.1830373927950859, "loss/depth/train": 3.085294098854065, "loss/depth_reg/train": 0.09398818887770176, "loss/uv/train": 0.15545711308717727, "time": 1.8189273166656494, "grad_norm": 5.62966420173645, "epoch": 1, "iter": 850, "memory": 10611, "step": 850}
{"base_lr": 4.5961169763512854e-05, "lr": 4.596116976351374e-06, "data_time": 0.013280296325683593, "loss": 3.4971707916259764, "loss/joints/train": 0.17652396857738495, "loss/depth/train": 3.0792986440658567, "loss/depth_reg/train": 0.09080391053110361, "loss/uv/train": 0.15054428182542323, "time": 1.8173067855834961, "grad_norm": 5.922497057914734, "epoch": 1, "iter": 900, "memory": 10611, "step": 900}
{"base_lr": 4.6665350506756074e-05, "lr": 4.666535050675701e-06, "data_time": 0.014060263633728027, "loss": 3.4668491888046264, "loss/joints/train": 0.16920414477586745, "loss/depth/train": 3.0632029962539673, "loss/depth_reg/train": 0.08416902402415871, "loss/uv/train": 0.15027302980422974, "time": 1.817778034210205, "grad_norm": 5.868851747512817, "epoch": 1, "iter": 950, "memory": 10611, "step": 950}
{"base_lr": 4.736953124999933e-05, "lr": 4.736953125000029e-06, "data_time": 0.012596874237060547, "loss": 3.424374828338623, "loss/joints/train": 0.15883391588926316, "loss/depth/train": 3.0353764057159425, "loss/depth_reg/train": 0.08310216318815947, "loss/uv/train": 0.14706235617399216,