{"base_lr": 3.378020863943584e-05, "lr": 3.3780208639435833e-06, "data_time": 0.030226225852966308, "loss": 8.969283294677734, "loss/joints/train": 0.1906290739774704, "loss/depth/train": 5.212057671546936, "loss/uv/train": 0.13385890625417232, "loss/uv_heatmap/train": 3.432737636566162, "time": 0.37872031688690183, "grad_norm": 7.734993060429891, "epoch": 1, "iter": 50, "memory": 8619, "step": 50}
{"base_lr": 3.427021745518664e-05, "lr": 3.4270217455186645e-06, "data_time": 0.02109503746032715, "loss": 8.333473730087281, "loss/joints/train": 0.18434208035469055, "loss/depth/train": 4.593805193901062, "loss/uv/train": 0.14149236284196376, "loss/uv_heatmap/train": 3.4138341045379637, "time": 0.35473215103149414, "grad_norm": 7.930857419967651, "epoch": 1, "iter": 100, "memory": 8619, "step": 100}
{"base_lr": 3.476022627093746e-05, "lr": 3.4760226270937457e-06, "data_time": 0.01501950740814209, "loss": 7.851970233917236, "loss/joints/train": 0.1863582870364189, "loss/depth/train": 4.077113709449768, "loss/uv/train": 0.1591473850607872, "loss/uv_heatmap/train": 3.4293508958816528, "time": 0.35238980293273925, "grad_norm": 7.962462107340495, "epoch": 1, "iter": 150, "memory": 8619, "step": 150}
{"base_lr": 3.5250235086688265e-05, "lr": 3.5250235086688277e-06, "data_time": 0.018772544860839843, "loss": 7.145348720550537, "loss/joints/train": 0.1878609177470207, "loss/depth/train": 3.382747222185135, "loss/uv/train": 0.14724941298365593, "loss/uv_heatmap/train": 3.4274911499023437, "time": 0.35833139419555665, "grad_norm": 7.733403511047364, "epoch": 1, "iter": 200, "memory": 8619, "step": 200}
{"base_lr": 3.5740243902439064e-05, "lr": 3.5740243902439084e-06, "data_time": 0.02298762321472168, "loss": 6.593538227081299, "loss/joints/train": 0.186741623878479, "loss/depth/train": 2.8340924096107485, "loss/uv/train": 0.16197093665599824, "loss/uv_heatmap/train": 3.4107332372665407, "time": 0.3634354114532471, "grad_norm": 7.865084601986792, "epoch": 1, "iter": 250, "memory": 8619, "step": 250}
